City Id,City,Lat,Lon,Max Temp,Humidity,Cloudiness,Wind Speed,Date
3628473,San Cristobal,7.7669,-72.225,300.25,47,26,3.05,1653079425
3652764,Puerto Ayora,-0.7393,-90.3518,300.13,91,53,0.89,1653079425
2181625,Te Anau,-45.4167,167.7167,278.98,88,100,2.26,1653079426
3424607,Tasiilaq,65.6145,-37.6368,276.24,73,17,2.27,1653079282
162627,Yabrūd,33.9674,36.6574,289.31,36,0,2.87,1653079426
3833367,Ushuaia,-54.8,-68.3,280.96,61,20,3.09,1653079426
2514651,Los Llanos de Aridane,28.6585,-17.9182,292.01,91,75,7.2,1653079427
187585,Marsabit,2.3284,37.9899,292.53,67,93,6.7,1653079427
3939168,Huarmey,-10.0681,-78.1522,294.06,79,22,4.86,1653079428
2110227,Butaritari,3.0707,172.7902,300.67,71,14,7.96,1653079428
5404476,Ukiah,39.1502,-123.2078,299.91,18,0,1.54,1653079428
1632694,Pangkalanbuun,-2.6833,111.6167,296.35,98,100,0.48,1653079429
2126123,Chokurdakh,70.6333,147.9167,274.3,100,100,3.15,1653079429
3355672,Lüderitz,-26.6481,15.1594,284.49,73,1,4.7,1653079429
5106841,Albany,42.6001,-73.9662,299.2,59,98,2.68,1653079194
2075265,Busselton,-33.65,115.3333,286.27,83,3,4.07,1653079215
3421765,Nanortalik,60.1432,-45.2371,276.97,81,42,2.86,1653079430
5122534,Jamestown,42.097,-79.2353,297.6,80,100,3.6,1653079430
5861897,Fairbanks,64.8378,-147.7164,293.16,34,20,1.54,1653079333
3832899,Viedma,-40.8135,-62.9967,288.52,37,100,4.53,1653079226
3372707,Ribeira Grande,38.5167,-28.7,290.37,100,100,1.54,1653079354
6165406,Thompson,55.7435,-97.8558,276.24,65,100,5.66,1653079263
2206939,Bluff,-46.6,168.3333,281.37,76,100,14.69,1653079431
4030556,Rikitea,-23.1203,-134.9692,295.98,78,100,1.68,1653079432
3680090,Juradó,7.1053,-77.7641,298.16,92,99,2.91,1653079432
986717,Kruisfontein,-34.0033,24.7314,285.86,83,100,2.49,1653079432
3374210,São Filipe,14.8961,-24.4956,296.56,70,72,3.9,1653079433
5557293,Sitka,57.0531,-135.33,286.09,71,0,2.06,1653079433
6185377,Yellowknife,62.456,-114.3525,288.46,21,75,4.12,1653079433
513329,Ozinki,51.1786,49.6769,280.29,85,100,5.85,1653079434
3369157,Cape Town,-33.9258,18.4232,286.99,81,75,1.54,1653079154
3421719,Narsaq,60.9167,-46.05,285.27,68,20,2.51,1653079434
4020109,Atuona,-9.8,-139.0333,298.36,67,0,4.36,1653079358
2208248,Kaitangata,-46.2817,169.8464,280.54,82,69,8.48,1653079435
2026160,Borogontsy,62.6683,131.1683,277.6,95,100,2.9,1653079435
964712,Plettenberg Bay,-34.0527,23.3716,286.58,81,87,2.95,1653079436
5435464,Pueblo,38.2545,-104.6091,284.12,43,100,5.66,1653079436
2017155,Saskylakh,71.9167,114.0833,272.18,87,100,1.42,1653079436
2644210,Liverpool,53.4106,-2.9779,287.49,78,40,5.14,1653079436
2290412,Daoukro,7.0591,-3.9631,296.46,97,98,2.04,1653079437
3175096,Laas,46.6166,10.7002,292.64,88,100,1.07,1653079437
3992842,Petatlán,17.5167,-101.2667,304.22,43,7,3.89,1653079437
546105,Nikolskoye,59.7035,30.7861,280.09,75,97,2.44,1653079438
2610806,Vágur,61.4732,-6.8119,281.79,95,100,7.38,1653079438
172515,Abu Samrah,35.3029,37.1841,293.13,23,0,4.32,1653079438
3466165,Cidreira,-30.1811,-50.2056,287.41,74,0,2.61,1653079143
1622318,Waingapu,-9.6567,120.2641,298.5,82,92,4.07,1653079439
6201424,Mataura,-46.1927,168.8643,281.19,91,98,5.9,1653079439
1510377,Belyy Yar,53.6039,91.3903,282.09,100,69,2.0,1653079439
1735106,George Town,5.4112,100.3354,300.12,93,20,0.0,1653079358
2063036,Port Lincoln,-34.7333,135.8667,286.7,66,0,5.57,1653079274
6089245,Norman Wells,65.282,-126.8329,286.17,44,75,3.09,1653079338
2163355,Hobart,-42.8794,147.3294,278.07,92,20,3.09,1653079214
962367,Richards Bay,-28.783,32.0377,293.23,87,74,4.19,1653079440
5880054,Barrow,71.2906,-156.7887,273.16,93,100,5.14,1653079371
3419842,Sisimiut,66.9395,-53.6735,277.01,54,100,2.72,1653079441
8010683,Porto Santo,33.072,-16.3415,292.36,68,20,4.12,1653079441
5546220,Saint George,37.1041,-113.5841,297.94,12,0,5.36,1653079257
934322,Mahébourg,-20.4081,57.7,297.73,83,40,3.6,1653079441
1015776,Bredasdorp,-34.5322,20.0403,283.89,78,6,1.99,1653079442
1485997,Yeniseysk,58.4497,92.1703,283.41,71,44,2.29,1653079502
3366880,Hermanus,-34.4187,19.2345,287.16,71,55,1.39,1653079503
195298,Kajiado,-1.8524,36.7768,287.4,82,89,5.38,1653079503
2641598,Newport,51.5877,-2.9984,287.18,80,2,0.89,1653079271
3418910,Upernavik,72.7868,-56.1549,272.01,80,72,5.23,1653079504
4034551,Faanui,-16.4833,-151.75,299.98,73,19,5.19,1653079504
256155,Palekastro,35.2,26.25,289.51,75,0,4.44,1653079504
293842,Kiryat Gat,31.61,34.7642,299.48,35,98,3.58,1653079505
3471451,Arraial do Cabo,-22.9661,-42.0278,293.07,77,20,5.66,1653079466
4036284,Alofi,-19.0595,-169.9187,298.09,94,40,2.57,1653079286
2377457,Nouadhibou,20.931,-17.0347,293.14,83,42,9.77,1653079505
4004293,Ixtapa,20.7,-105.2,305.86,36,1,3.9,1653079506
1503153,Klyuchi,52.2667,79.1667,290.07,44,93,3.11,1653079506
1244926,Hambantota,6.1241,81.1185,299.2,85,69,6.48,1653079359
692315,Sudak,44.85,34.9667,289.09,58,71,1.97,1653079506
2088659,Panguna,-6.3164,155.4848,294.66,93,37,0.71,1653079507
577240,Dvinskoy Bereznik,62.8551,42.7072,272.39,83,59,1.83,1653079507
3932145,Pisco,-13.7,-76.2167,295.18,60,0,5.14,1653079507
3868633,Vallenar,-28.5708,-70.7581,297.74,20,0,2.25,1653079508
3665016,Benjamin Constant,-4.3831,-70.0311,299.22,61,75,1.54,1653079508
1214026,Sabang,5.8933,95.3214,301.82,76,100,6.82,1653079508
2171099,Codrington,-38.2667,141.9667,279.08,91,9,3.01,1653079509
3388456,São José da Coroa Grande,-8.8978,-35.1478,298.28,86,74,2.28,1653079509
1651810,Airai,-8.9266,125.4092,287.28,90,35,1.82,1653079509
778707,Mehamn,71.0357,27.8492,276.1,78,99,7.38,1653079510
3899695,Ancud,-41.8697,-73.8203,284.39,89,97,8.38,1653079510
110690,Faya,18.3851,42.4509,295.21,15,0,3.61,1653079510
5866583,Saint Paul Harbor,57.79,-152.4072,280.88,76,100,7.72,1653079511
3443061,Chui,-33.6971,-53.4616,285.22,72,25,2.51,1653079511
3445133,Viçosa,-20.7539,-42.8819,286.21,77,0,1.83,1653079512
2134814,Sola,-13.8833,167.55,300.85,76,17,4.86,1653079512
964432,Port Alfred,-33.5906,26.891,287.14,94,100,0.89,1653079512
582447,Almaznyy,48.0448,40.045,282.89,84,100,1.08,1653079513
5386035,Rancho Palos Verdes,33.7445,-118.387,294.21,79,98,4.47,1653079215
4032243,Vaini,-21.2,-175.2,298.24,83,40,2.06,1653079513
1529376,Korla,41.7597,86.1469,296.42,27,63,5.07,1653079514
3883457,Lebu,-37.6167,-73.65,285.36,86,18,3.18,1653079514
1242110,Kalmunai,7.4167,81.8167,300.33,75,69,2.13,1653079515
1792916,Tianpeng,30.9866,103.9393,294.66,71,100,0.79,1653079515
2136150,Luganville,-15.5333,167.1667,299.28,83,1,1.44,1653079515
2013406,Vidim,56.4088,103.1106,285.57,87,100,1.91,1653079516
1488903,Turukhansk,65.8167,87.9833,281.93,86,96,5.75,1653079516
2015306,Tiksi,71.6872,128.8694,272.77,84,100,3.12,1653079517
4033557,Tautira,-17.7333,-149.15,299.51,72,12,3.85,1653079290
286987,Nizwá,22.9333,57.5333,304.21,19,2,2.06,1653079517
3137469,Sørland,67.667,12.6934,281.07,98,100,5.2,1653079517
5924351,Clyde River,70.4692,-68.5914,269.28,80,100,4.63,1653079356
933995,Souillac,-20.5167,57.5167,297.36,83,40,3.6,1653079518
2094027,Kieta,-6.2167,155.6333,299.65,83,42,1.61,1653079518
1636022,Martapura,-3.4167,114.85,297.2,100,20,0.51,1653079519
5848280,Kapaa,22.0752,-159.319,301.55,77,75,3.09,1653079519
935215,Saint-Philippe,-21.3585,55.7679,294.92,82,40,5.1,1653079519
2013465,Verkhoyansk,67.5447,133.385,276.75,68,26,1.57,1653079520
2159220,Mackay,-21.15,149.2,292.42,88,99,7.11,1653079520
2038665,Alihe,50.5667,123.7167,281.95,70,78,1.32,1653079521
3836277,Santa Fe,-31.6333,-60.7,292.03,59,0,1.79,1653079521
295277,Eilat,29.5581,34.9482,304.06,20,0,3.6,1653079522
1263300,Mauganj,24.6833,81.8833,306.6,14,58,1.5,1653079522
3347019,Mossamedes,-15.1961,12.1522,293.05,68,17,3.77,1653079522
1529484,Kumul,42.8,93.45,294.96,33,7,4.65,1653079523
1337612,Dhidhdhoo,6.8833,73.1,301.77,77,34,7.29,1653079583
3601402,Savannah Bight,16.45,-85.85,300.56,85,100,14.66,1653079584
1797873,Sanbu,33.4594,119.1453,289.12,90,0,2.54,1653079584
3386213,Touros,-5.1989,-35.4608,299.36,81,81,3.4,1653079584
1006984,East London,-33.0153,27.9116,289.62,73,100,4.08,1653079585
6167817,Torbay,47.6666,-52.7314,284.97,54,75,4.63,1653079585
2618795,Klaksvík,62.2266,-6.589,282.66,97,100,7.38,1653079585
2449893,Tessalit,20.1986,1.0114,307.1,12,76,2.87,1653079586
2027667,Angarsk,52.5367,103.8864,285.55,83,100,4.54,1653079586
58933,Garoowe,8.4054,48.4845,303.42,43,71,10.31,1653079586
2093967,Kimbe,-5.5502,150.1429,297.85,90,19,1.33,1653079587
300640,Şırnak,37.5228,42.4594,286.19,65,0,3.55,1653079587
1259385,Port Blair,11.6667,92.75,301.52,79,100,8.25,1653079290
1507390,Dikson,73.5069,80.5464,270.43,88,100,2.19,1653079588
380348,Abū Zabad,12.35,29.25,303.62,45,24,6.26,1653079588
4035715,Avarua,-21.2078,-159.775,299.18,69,75,3.09,1653079588
2035836,Manzhouli,49.6,117.4333,284.59,33,6,3.67,1653079589
6620339,Karratha,-20.7377,116.8463,296.96,73,55,2.54,1653079589
2071860,Esperance,-33.8667,121.9,289.45,69,67,3.26,1653079589
2128975,Nemuro,43.3236,145.575,281.81,91,1,2.91,1653079590
3372964,Lagoa,39.05,-27.9833,289.54,92,100,5.83,1653079362
2098329,Daru,-9.0763,143.2092,299.67,78,84,4.57,1653079590
2146219,Hervey Bay,-25.2986,152.8535,292.05,95,100,3.13,1653079591
5955902,Fort Nelson,58.8053,-122.7002,285.92,19,20,2.57,1653079591
902721,Mwense,-10.3845,28.698,291.97,67,85,1.11,1653079592
110690,Abhā,18.2164,42.5053,295.05,9,0,2.57,1653079592
3698359,Chicama,-7.8447,-79.1469,291.45,65,7,4.58,1653079592
2360372,Gorom-Gorom,14.4439,-0.2361,307.39,26,44,4.22,1653079593
523392,Naryan-Mar,67.6713,53.087,269.69,92,92,5.22,1653079593
2614553,Rønne,55.1009,14.7066,283.1,100,40,1.03,1653079594
5855927,Hilo,19.7297,-155.09,307.19,78,75,3.6,1653079315
554234,Kaliningrad,54.7065,20.511,285.18,97,100,3.02,1653079431
1803367,Linqing,36.8456,115.7117,291.64,50,0,3.33,1653079594
6355222,Yulara,-25.2406,130.9889,284.92,67,68,3.93,1653079595
485660,Tsimmerbude,54.675,20.1347,284.18,96,100,3.33,1653079595
4032369,Pangai,-19.8,-174.35,299.21,73,20,4.12,1653079595
3381538,Grand-Santi,4.25,-54.3833,296.65,99,100,0.52,1653079596
4031742,Egvekinot,66.3167,-179.1667,276.68,70,74,1.14,1653079451
1730622,Anito,12.4497,125.2886,298.26,91,100,2.36,1653079596
5563839,Fortuna,40.5982,-124.1573,292.51,62,20,9.26,1653079597
2034221,Wangqing,43.3218,129.7634,286.18,77,47,1.57,1653079597
3874787,Punta Arenas,-53.15,-70.9167,279.21,87,100,2.06,1653079310
1633419,Padang,-0.9492,100.3543,298.12,87,34,1.37,1653079598
4845585,Westport,41.1415,-73.3579,293.95,82,40,6.17,1653079598
5905393,Bonavista,48.6499,-53.1147,279.46,73,100,2.54,1653079598
3985710,Cabo San Lucas,22.8909,-109.9124,302.93,58,1,6.93,1653079333
2610343,Vestmanna,62.1564,-7.1664,281.66,100,100,5.66,1653079599
2268339,Faro,37.0194,-7.9322,299.03,47,0,9.26,1653079599
2264557,Ponta do Sol,32.6667,-17.1,293.55,83,56,0.85,1653079600
2455216,Kita,13.0349,-9.4895,307.81,25,80,1.71,1653079600
2260401,Djambala,-2.5447,14.7533,293.64,95,100,2.34,1653079601
935214,Saint-Pierre,-21.3393,55.4781,296.43,73,75,3.09,1653079601
230893,Kitgum,3.2783,32.8867,293.33,89,100,1.7,1653079601
469991,Vysotskoye,45.025,42.9064,282.52,84,20,8.03,1653079602
509850,Petrovskoye,57.0104,39.2693,274.66,78,2,1.82,1653079602
1282256,Hithadhoo,-0.6,73.0833,301.46,73,65,4.12,1653079603
6255012,Flinders,-34.5833,150.8552,286.58,92,96,1.79,1653079603
1736660,Kota Belud,6.351,116.4305,298.14,88,81,2.38,1653079604
5114900,Depew,42.904,-78.6923,297.1,67,75,6.17,1653079604
102527,Sakakah,29.9697,40.2064,303.91,19,31,4.1,1653079605
2171085,Coffs Harbour,-30.3,153.1333,288.13,94,75,6.17,1653079665
3831208,Qaanaaq,77.484,-69.3632,265.07,81,16,1.26,1653079665
1263257,Māyakonda,14.2833,76.0833,293.19,86,100,3.81,1653079666
1721720,Cabatuan,10.8794,122.486,298.03,90,100,1.84,1653079666
1636308,Manokwari,-0.8667,134.0833,298.64,81,17,1.3,1653079666
2425791,Kibala,9.1104,18.3463,298.12,69,20,2.06,1653079667
3470137,Belmonte,-15.8631,-38.8828,294.59,59,60,4.02,1653079667
3448455,São Miguel do Araguaia,-13.275,-50.1628,293.34,32,100,1.28,1653079668
3922125,Capinota,-17.7167,-66.2333,299.82,11,8,2.13,1653079668
1492607,Severnoye,56.3491,78.3619,281.1,89,88,3.17,1653079668
5431716,Montrose,38.4166,-108.2673,271.82,71,100,3.37,1653079045
2012956,Yerbogachën,61.2767,108.0108,280.67,80,100,1.54,1653079669
1215502,Banda Aceh,5.5577,95.3222,300.03,80,100,4.6,1653079669
5554428,Ketchikan,55.3422,-131.6461,288.41,58,0,5.14,1653079670
5970234,Hanna,51.6334,-111.9018,280.29,49,100,6.26,1653079670
556268,Ostrovnoy,68.0531,39.5131,272.73,66,98,2.94,1653079670
210379,Lusambo,-4.9667,23.45,298.05,61,100,0.54,1653079671
2338242,Ikom,5.9667,8.7063,297.93,93,100,1.34,1653079671
2194098,Ahipara,-35.1667,173.1667,288.05,63,99,6.05,1653079672
4513583,Hamilton,39.1834,-84.5333,304.94,52,0,9.26,1653079501
483650,Temyasovo,52.9933,58.1014,274.02,99,100,5.67,1653079672
2155415,New Norfolk,-42.7826,147.0587,277.87,87,10,1.08,1653079673
3155152,Gravdal,68.1214,13.5031,280.09,100,100,2.57,1653079673
3892454,Diego de Almagro,-26.3667,-70.05,296.03,20,15,3.62,1653079673
2170581,Coolum Beach,-26.5333,153.1,290.0,98,100,5.62,1653079674
3372472,Vila Franca do Campo,37.7167,-25.4333,290.38,81,93,2.26,1653079674
1274822,Chāmpua,22.0833,85.6667,300.57,73,16,4.34,1653079675
2157698,Mildura,-34.2,142.15,280.97,84,73,5.39,1653079675
2070998,Geraldton,-28.7667,114.6,285.38,94,40,4.63,1653079675
6254930,Palestine,31.9216,35.2033,294.78,34,76,2.4,1653079676
1808392,Hengshui,37.7322,115.7011,291.73,51,0,2.84,1653079676
2126199,Cherskiy,68.75,161.3,283.79,50,8,7.26,1653079677
3146487,Raudeberg,61.9875,5.1352,283.52,94,100,1.72,1653079677
3450083,Santa Maria,-29.6842,-53.8069,289.76,59,20,1.54,1653079631
3372760,Praia da Vitória,38.7333,-27.0667,292.29,82,20,2.97,1653079678
149129,Ushirombo,-3.4919,31.9639,292.26,63,100,1.13,1653079678
1517637,Ushtobe,45.2514,77.9838,293.45,38,99,6.2,1653079678
1177446,Gwadar,25.1216,62.3254,301.38,88,0,3.17,1653079423
362973,Abnūb,27.2696,31.1511,301.27,39,98,9.59,1653079679
2138555,Poum,-20.2333,164.0167,298.46,83,0,4.75,1653079679
5847411,Kahului,20.8947,-156.47,302.16,68,40,6.69,1653079680
2022572,Khatanga,71.9667,102.5,272.69,83,100,4.56,1653079680
5367788,Lompoc,34.6391,-120.4579,296.92,60,0,7.72,1653079681
1728675,Balabac,7.9868,117.0645,300.16,82,84,3.9,1653079681
3654541,Macas,-2.3167,-78.1167,296.01,78,75,3.09,1653079681
527012,Mikhaylovka,50.06,43.2379,281.32,75,32,2.95,1653079682
86049,Jalu,29.0331,21.5482,294.3,31,0,9.35,1653079682
5380437,Pacific Grove,36.6177,-121.9166,296.49,65,0,5.66,1653079683
2156643,Mount Gambier,-37.8333,140.7667,277.1,100,14,0.0,1653079683
2294915,Takoradze,4.8845,-1.7554,299.42,84,100,5.17,1653079684
4031574,Provideniya,64.3833,-173.3,281.66,56,19,4.69,1653079684
5920381,Chase,50.8165,-119.6857,289.64,60,98,1.73,1653079685
499811,Ryzdvyany,45.2656,41.8389,283.54,88,77,7.16,1653079685
3420768,Qasigiannguit,68.8193,-51.1922,275.29,76,100,0.33,1653079685
2450173,Taoudenni,22.6783,-3.9836,311.08,7,100,4.34,1653079686
1328421,Pathein,16.7833,94.7333,298.77,88,100,5.71,1653079686
1254046,Tura,25.5198,90.2201,295.19,97,92,0.8,1653079687
1648082,Boyolangu,-8.1181,111.8935,296.95,91,100,0.96,1653079687
1688696,San Policarpo,12.1791,125.5072,300.13,81,100,3.62,1653079687
457912,Līgatne,57.2343,25.0406,284.96,96,100,1.34,1653079688
2331447,Maiduguri,11.8464,13.1603,307.02,12,19,3.15,1653079748
1788402,Xiongzhou,25.1167,114.3,293.07,93,100,1.44,1653079749
5713587,Bend,44.0582,-121.3153,288.42,31,0,2.57,1653079465
473788,Vichuga,57.2128,41.9301,273.96,84,5,2.75,1653079749
2412408,Nioro,13.35,-15.75,301.16,53,28,6.37,1653079749
3139597,Sistranda,63.7256,8.834,286.13,86,100,6.82,1653079750
1788852,Xining,36.6167,101.7667,284.33,74,100,0.71,1653079750
1268814,Joshīmath,30.5667,79.5667,287.84,53,6,3.74,1653079751
2121025,Srednekolymsk,67.45,153.6833,284.95,51,52,6.29,1653079751
3397967,Itaituba,-4.2761,-55.9836,305.24,48,20,2.06,1653079752
6087892,Niagara Falls,43.1001,-79.0663,297.64,74,100,10.29,1653079513
5110365,Broome,42.2506,-75.833,299.36,50,20,6.69,1653079752
1649150,Bengkulu,-3.8004,102.2655,297.55,87,82,1.76,1653079753
3893726,Constitución,-35.3333,-72.4167,286.77,76,0,2.83,1653079753
2122605,Okhotsk,59.3833,143.3,275.16,87,99,0.5,1653079753
2176639,Batemans Bay,-35.7167,150.1833,286.54,87,98,2.2,1653079754
1529651,Altay,47.8667,88.1167,287.62,54,5,3.36,1653079754
652977,Keuruu,62.2667,24.7,282.25,61,67,2.19,1653079755
2178753,Kirakira,-10.4544,161.9205,300.44,80,24,1.53,1653079755
1835848,Seoul,37.5683,126.9778,288.91,91,75,1.03,1653079312
1337610,Thinadhoo,0.5333,72.9333,301.65,73,73,4.32,1653079756
161616,Balkanabat,39.5108,54.3671,294.01,52,95,6.66,1653079756
3423146,Ilulissat,69.2167,-51.1,275.16,75,75,4.12,1653079455
3430863,Mar del Plata,-38.0023,-57.5575,288.68,65,0,5.14,1653079757
1528998,Yumen,40.2833,97.2,290.51,27,2,3.81,1653079757
1516589,Zhezkazgan,47.8043,67.7144,290.46,34,62,3.61,1653079758
3440777,Rocha,-34.4833,-54.3333,284.32,72,18,2.48,1653079758
2248777,Marsassoum,12.8275,-15.9806,301.2,60,14,5.92,1653079759
2121385,Severo-Kuril'sk,50.6789,156.125,279.46,89,100,4.06,1653079759
2028164,Deputatsky,69.3,139.9,271.74,98,100,0.52,1653079760
6170031,Tuktoyaktuk,69.4541,-133.0374,278.15,65,100,2.06,1653079760
3939761,Hualmay,-11.0964,-77.6139,293.15,81,42,4.79,1653079760
3445026,Vila Velha,-20.3297,-40.2925,296.12,60,0,5.66,1653079644
3354077,Opuwo,-18.0607,13.84,286.3,29,0,1.97,1653079761
6559559,Horishni Plavni,49.0097,33.6455,286.85,79,100,3.57,1653079761
2122104,Petropavlovsk-Kamchatskiy,53.0452,158.6483,276.48,100,100,2.0,1653079469
2240449,Luanda,-8.8368,13.2343,296.15,83,75,4.63,1653079636
88533,Awjilah,29.1081,21.2869,294.41,31,0,9.16,1653079762
57000,Hobyo,5.3505,48.5268,299.57,85,87,12.04,1653079762
3466704,Castro,-24.7911,-50.0119,282.42,74,0,1.75,1653079763
2090021,Namatanai,-3.6667,152.4333,299.92,81,37,2.7,1653079763
3923570,Atocha,-20.9333,-66.2333,281.91,18,97,6.54,1653079764
1256369,Sidhi,24.4167,81.8833,306.05,16,68,1.23,1653079764
3359638,Walvis Bay,-22.9575,14.5053,285.98,71,0,3.09,1653079764
3445418,Vazante,-17.9869,-46.9078,288.57,44,0,0.14,1653079743
3388847,São Félix do Xingu,-6.6447,-51.995,297.59,74,46,0.66,1653079765
5742974,North Bend,43.4065,-124.2243,290.88,75,0,10.8,1653079513
2630299,Hofn,64.2539,-15.2082,281.86,94,100,4.56,1653079765
2629833,Husavik,66.0449,-17.3389,284.25,66,91,3.34,1653079766
2122090,Pevek,69.7008,170.3133,273.66,97,79,2.45,1653079766
1810240,Gejiu,23.306,103.1635,286.38,98,100,0.93,1653079767
4362001,Mayo,38.8876,-76.5119,306.58,72,20,4.63,1653079767
2112309,Katsuura,35.1333,140.3,292.54,80,100,3.67,1653079565
2123814,Leningradskiy,69.3833,178.4167,273.85,98,25,3.03,1653079767
3836669,San Rafael,-34.6177,-68.3301,291.0,22,23,6.45,1653079768
1106677,Bambous Virieux,-20.3428,57.7575,297.71,83,40,3.6,1653079768
1258492,Rangia,26.4667,91.6333,297.12,92,42,4.24,1653079769
3393692,Itarema,-2.9248,-39.9167,298.97,85,100,2.98,1653079769
3839307,Rawson,-43.3002,-65.1023,290.57,36,11,7.58,1653079769
2112802,Hasaki,35.7333,140.8333,291.37,75,100,4.37,1653079770
3421193,Paamiut,61.994,-49.6678,274.98,84,97,3.71,1653079830
2039557,Khasan,42.4308,130.6434,285.21,81,8,1.74,1653079831
2120048,Ust-Nera,64.5667,143.2,275.84,84,100,2.41,1653079831
1337607,Kudahuvadhoo,2.6708,72.8944,301.64,76,23,5.44,1653079831
2126785,Belaya Gora,68.5333,146.4167,281.54,65,7,5.28,1653079832
2258378,Loandjili,-4.7561,11.8578,298.32,81,80,4.13,1653079832
551047,Kerchevskiy,59.946,56.2884,274.98,98,100,2.05,1653079833
64814,Bandarbeyla,9.4942,50.8122,300.05,85,100,9.63,1653079833
3141667,Roald,62.5833,6.1333,285.46,87,0,5.66,1653079833
14177,Maku,39.2911,44.4521,280.83,54,37,2.69,1653079834
2063039,Port Keats,-14.25,129.55,295.92,56,5,3.66,1653079834
3389822,Salinópolis,-0.6136,-47.3561,297.93,88,100,4.39,1653079835
470905,Vuktyl,63.8567,57.3094,274.56,69,100,6.33,1653079835
2537881,Safi,32.2994,-9.2372,292.12,91,11,1.98,1653079835
561731,Gay,51.4666,58.4552,280.44,94,100,3.54,1653079836
3664980,Boa Vista,2.8197,-60.6733,302.14,70,40,2.57,1653079614
1213855,Sibolga,1.7427,98.7792,298.31,89,76,1.22,1653079836
2022003,Kizhinga,51.8462,109.9097,284.33,56,52,0.65,1653079836
197745,Garissa,-0.4536,39.6401,298.14,78,100,8.16,1653079837
2031405,Erdenet,49.0333,104.0833,286.81,45,7,0.89,1653079837
553766,Kamenka,51.3223,42.7678,276.99,81,33,2.56,1653079837
7803723,Omemee,44.299,-78.5599,298.75,63,40,7.2,1653079838
543508,Kovdor,67.5662,30.4758,274.12,88,96,1.94,1653079838
5720495,Coos Bay,43.3665,-124.2179,291.1,74,0,10.8,1653079839
2446796,Bilma,18.6853,12.9164,305.99,13,70,3.75,1653079839
187968,Malindi,-3.2175,40.1191,299.24,82,65,5.87,1653079840
934479,Grand Gaube,-20.0064,57.6608,297.8,69,12,3.13,1653079840
2512186,Puerto del Rosario,28.5004,-13.8627,294.01,68,20,6.69,1653079841
584596,Zaqatala,41.6336,46.6433,284.41,82,75,2.06,1653079841
363619,Yei,4.095,30.6779,293.4,90,78,2.03,1653079841
5282297,Bethel,41.3712,-73.414,296.62,68,20,5.66,1653079842
204953,Tshikapa,-6.4167,20.8,298.96,56,100,0.17,1653079842
779622,Havøysund,70.9963,24.6622,278.28,91,100,4.9,1653079843
660129,Espoo,60.25,24.6667,282.44,63,0,2.57,1653079843
5859699,College,64.8569,-147.8028,294.82,34,20,1.54,1653079750
3981432,Todos Santos,23.45,-110.2167,292.84,71,0,5.17,1653079844
2270385,Camacha,33.0833,-16.3333,290.83,68,20,4.12,1653079844
1495586,Parabel',58.6978,81.4825,281.07,82,37,6.87,1653079844
2108502,Honiara,-9.4333,159.95,299.64,80,2,1.05,1653079819
1855612,Nara,34.6851,135.8049,292.31,52,100,0.27,1653079845
3899539,Antofagasta,-23.65,-70.4,288.75,70,37,3.67,1653079744
6067747,Matagami,49.7502,-77.6328,290.21,88,100,5.66,1653079845
2137773,Vao,-22.6667,167.4833,296.43,89,100,13.11,1653079846
2729907,Longyearbyen,78.2186,15.6401,274.06,69,75,1.54,1653079846
4339348,Ruston,32.5232,-92.6379,306.05,46,40,5.66,1653079788
523928,Myatlevo,54.8969,35.6762,278.78,70,100,2.95,1653079847
1490256,Talnakh,69.4865,88.3972,278.82,83,100,3.77,1653079847
211647,Lodja,-3.4833,23.4333,296.25,80,100,1.42,1653079848
159071,Iringa,-7.7667,35.7,287.72,88,95,2.54,1653079848
1803331,Linxia Chengguanzhen,35.6003,103.2064,285.65,79,100,0.7,1653079848
4726521,San Patricio,28.017,-97.5169,304.09,51,32,10.0,1653079849
1722803,Buluang,13.3068,123.3425,298.61,89,99,1.19,1653079849
3382160,Cayenne,4.9333,-52.3333,297.17,1,99,1.03,1653079850
2180815,Tuatapere,-46.1333,167.6833,280.77,82,96,8.16,1653079850
347634,Ţahţā,26.7693,31.5021,303.04,20,100,6.85,1653079850
3666395,Urrao,6.3152,-76.1342,291.05,92,92,0.87,1653079851
6111862,Port Hardy,50.6996,-127.4199,285.15,81,20,2.57,1653079851
964420,Port Elizabeth,-33.918,25.5701,287.31,97,100,3.6,1653079852
1524243,Georgiyevka,43.0369,74.7114,291.17,72,20,4.0,1653079852
463355,Zheleznodorozhnyy,55.7503,38.0042,281.05,68,100,2.29,1653079852
2094342,Kavieng,-2.5744,150.7967,300.92,78,93,4.85,1653079913
5972291,Havre-St-Pierre,50.2334,-63.5986,287.35,54,0,3.6,1653079913
2122389,Ossora,59.2353,163.0719,275.32,99,100,1.17,1653079778
1214488,Meulaboh,4.1363,96.1285,298.16,89,92,1.6,1653079673
1714733,Dingle,10.9995,122.6711,298.25,91,100,1.93,1653079913
1275812,Bhuj,23.2667,69.6667,299.75,82,0,8.83,1653079914
924705,Nkhotakota,-12.9274,34.2961,294.04,83,73,1.02,1653079914
1492566,Severo-Yeniseyskiy,60.3725,93.0408,279.89,81,85,2.56,1653079915
3374120,Vila do Maio,15.1333,-23.2167,296.59,86,13,6.38,1653079915
2396518,Port-Gentil,-0.7193,8.7815,300.13,83,75,5.14,1653079915
1106643,Quatre Cocos,-20.2078,57.7625,297.64,72,72,7.16,1653079916
2381972,Adrar,20.5022,-10.0711,306.2,7,87,3.25,1653079916
1895695,Kushima,31.4583,131.2333,289.5,97,100,2.91,1653079700
2077895,Alice Springs,-23.7,133.8833,277.9,87,1,2.57,1653079917
2074865,Carnarvon,-24.8667,113.6333,293.52,65,0,5.96,1653079917
610612,Aktau,43.65,51.2,287.47,69,100,11.86,1653079917
1819729,Hong Kong,22.2855,114.1577,299.23,82,9,0.45,1653079808
2016405,Smolenka,52.1352,113.4974,275.19,64,44,0.0,1653079918
455298,Staicele,57.8364,24.75,281.54,97,100,5.85,1653079918
3576994,Cockburn Town,21.4612,-71.1419,300.17,83,98,7.97,1653079919
2035610,Nehe,48.4833,124.8333,285.62,56,70,5.02,1653079919
4639848,Maryville,35.7565,-83.9705,306.4,46,20,8.23,1653079871
3163198,Åmot,59.5714,7.9877,283.81,67,100,0.82,1653079920
3430545,Morón,-34.6534,-58.6198,291.09,63,14,1.58,1653079751
3860443,Comodoro Rivadavia,-45.8667,-67.5,289.07,48,0,2.57,1653079920
4465088,Elizabeth City,36.2946,-76.2511,308.18,52,0,6.17,1653079921
3407882,Altamira,-3.2033,-52.2064,302.2,70,75,1.03,1653079921
5712169,Baker City,44.7749,-117.8344,287.37,39,0,5.14,1653079921
2034400,Tongliao,43.6125,122.2653,290.67,40,75,1.38,1653079922
2975049,Arrondissement de Sens,48.1667,3.3333,286.13,92,8,1.56,1653079922
5746545,Portland,45.5234,-122.6762,288.23,64,75,1.54,1653079277
1045114,Inhambane,-23.865,35.3833,296.31,87,100,4.86,1653079923
1516048,Khovd,48.0056,91.6419,286.74,51,4,1.32,1653079923
1520381,Ordzhonīkīdze,52.4411,61.7408,288.38,80,100,10.9,1653079924
2136697,Lakatoro,-16.0999,167.4164,300.24,82,11,2.82,1653079924
5364271,Laguna,38.421,-121.4238,300.42,15,0,11.32,1653079924
1623197,Tual,-5.6667,132.75,301.77,69,15,8.02,1653079925
1224061,Wattegama,6.7989,81.4808,297.95,78,52,3.56,1653079925
3855065,General Roca,-39.0333,-67.5833,292.94,30,0,11.56,1653079926
2214846,Misratah,32.3754,15.0925,292.22,60,0,3.57,1653079926
1489822,Tegul'det,57.3064,88.1667,286.71,58,75,4.51,1653079926
1266122,Korba,22.35,82.6833,303.02,31,8,2.31,1653079927
5972762,Hay River,60.8156,-115.7999,286.13,28,40,3.6,1653079854
930629,Chipoka,-13.9933,34.5157,296.78,65,100,0.3,1653079927
3691954,Sechura,-5.5569,-80.8222,297.78,58,25,7.12,1653079928
3430443,Necochea,-38.5473,-58.7368,285.36,56,100,3.95,1653079875
1054329,Vangaindrano,-23.35,47.6,291.58,87,0,2.13,1653079928
1179515,Duki,30.1541,68.5728,299.81,10,0,6.32,1653079928
3466980,Caravelas,-17.7125,-39.2481,293.33,69,2,2.74,1653079929
1507636,Chunskiy,56.0815,99.6342,284.66,86,100,1.44,1653079929
7281807,Seddon,-37.8068,144.8916,280.75,90,0,3.6,1653079930
2413419,Gunjur,13.2019,-16.7339,298.19,83,0,5.66,1653079930
1266029,Kotapārh,19.15,82.35,300.19,70,100,4.09,1653079930
3404558,Cabedelo,-6.9811,-34.8339,301.52,80,65,3.62,1653079931
3394372,Morros,-9.4467,-46.3003,297.35,44,28,2.48,1653079931
2541479,Nador,35.174,-2.9287,294.29,88,100,2.06,1653079932
554894,Izberbash,42.5696,47.8645,289.18,64,100,3.37,1653079932
1033356,Nampula,-15.1165,39.2666,295.12,88,0,2.57,1653079933
1861416,Ishigaki,24.3448,124.1572,296.22,94,100,3.6,1653079933
5354943,Half Moon Bay,37.4636,-122.4286,300.67,24,0,6.69,1653079934
2278158,Buchanan,5.8808,-10.0467,298.71,88,98,4.34,1653079994
2274895,Monrovia,6.3005,-10.7969,298.86,87,100,4.76,1653079994
2120047,Ust'-Omchug,61.15,149.6333,273.94,94,100,2.24,1653079995
3361934,Saldanha,-33.0117,17.9442,284.18,70,2,7.29,1653079995
3345439,Telford,52.6766,-2.4493,285.88,76,100,7.2,1653079702
3395981,Maceió,-9.6658,-35.7353,297.84,83,75,1.54,1653079956
2023584,Imeni Poliny Osipenko,52.4201,136.4853,279.35,92,100,2.19,1653079996
2448083,Agadez,19.75,10.25,302.86,19,5,4.54,1653079996
1517060,Zaysan,47.4667,84.8667,290.08,45,2,2.3,1653079997
1812256,Dongsheng,39.8161,109.9776,289.27,37,61,3.03,1653079997
6201197,Muhafazat Lahij,13.1667,44.5833,303.23,31,2,2.75,1653079998
5962442,Goderich,43.7501,-81.7165,298.33,65,81,8.75,1653079998
5042373,Prior Lake,44.7133,-93.4227,292.18,53,40,7.15,1653079902
2880547,Langwedel,52.9667,9.2167,287.07,94,97,9.33,1653079999
1279068,Aland,17.5667,76.5667,298.33,79,100,5.14,1653079999
1807339,Huangmei,30.1924,116.025,288.95,90,49,1.07,1653080000
1337619,Ugoofaaru,5.6667,73.0,301.55,77,91,6.34,1653080000
964137,Pretoria,-25.7449,28.1878,286.04,87,99,3.6,1653080000
2427336,Moussoro,13.6408,16.4901,307.41,9,4,7.38,1653080001
493405,Shumyachi,53.8583,32.4242,282.04,94,100,4.6,1653080001
6096551,Pangnirtung,66.1451,-65.7125,275.02,87,100,0.51,1653080002
2415702,Siguiri,11.6667,-9.5,304.29,38,67,1.24,1653080002
3347353,Menongue,-14.6585,17.691,288.26,57,19,0.59,1653080002
5850554,Makakilo City,21.3469,-158.0858,299.92,83,75,1.54,1653080003
5882953,Aklavik,68.2191,-135.0107,283.15,46,75,1.54,1653080003
3181259,Cairo Montenotte,44.4031,8.2746,292.35,95,39,1.94,1653080004
6058024,Lloydminster,53.2835,-110.0016,282.27,31,100,8.23,1653080004
1794971,Shitanjing,39.2342,106.3439,290.25,19,82,1.55,1653080005
3674702,Miranda,3.2499,-76.2281,298.22,82,86,0.06,1653080005
1631393,Prabumulih,-3.45,104.25,296.9,97,99,0.64,1653080005
3420846,Qaqortoq,60.7167,-46.0333,277.98,75,27,2.08,1653080006
3984997,San Quintín,30.4833,-115.95,292.56,66,18,5.69,1653080006
548791,Kichmengskiy Gorodok,59.9816,45.7854,272.08,91,92,2.67,1653080007
3512128,Bajos de Haina,18.4154,-70.0332,305.11,70,40,5.14,1653079975
3894426,Coyhaique,-45.5752,-72.0662,282.12,93,75,2.06,1653080007
3402648,Carutapera,-1.195,-46.02,296.97,93,100,1.44,1653080007
2173911,Broken Hill,-31.95,141.4333,282.75,84,100,4.71,1653080008
2152659,Port Macquarie,-31.4333,152.9167,286.98,82,97,3.29,1653079843
3354071,Oranjemund,-28.55,16.4333,284.96,88,0,2.79,1653079999
779683,Hammerfest,70.6634,23.6821,279.4,65,0,3.6,1653080008
1514829,Taboshar,40.5686,69.6413,288.33,44,80,0.28,1653080009
3529669,Dzemul,21.2,-89.3,312.19,45,95,3.99,1653080009
2641434,Northam,51.0333,-4.2167,286.14,89,6,6.77,1653080009
1491428,Solton,52.8429,86.4787,284.09,89,14,2.61,1653080010
4031637,Lavrentiya,65.5833,-171.0,274.92,95,47,3.56,1653080010
606531,Boden,65.8252,21.6886,278.15,66,74,2.28,1653080010
7117100,Vila,42.0304,-8.1588,293.54,63,99,2.64,1653080011
3697441,El Alto,-4.2714,-81.2147,294.96,77,22,7.88,1653080011
244878,Biltine,14.5333,20.9167,305.55,10,4,5.22,1653080012
1214073,Rantauprapat,2.1,99.8333,296.36,99,100,0.4,1653080012
6316343,Alta Floresta,-9.8756,-56.0861,303.05,32,0,1.54,1653079870
5258296,Kaukauna,44.278,-88.272,292.13,83,100,4.79,1653079883
2025630,Chara,56.9064,118.2631,279.31,83,77,1.27,1653080013
4003938,Jiménez,28.3333,-105.4,306.8,5,0,4.86,1653080013
2013279,Vostok,46.4856,135.8833,284.82,69,57,2.05,1653080013
2037611,Dongning,44.0622,131.1207,288.25,72,98,1.34,1653080014
1510689,Baykit,61.67,96.37,281.04,93,22,1.31,1653080014
1798473,Puqi,29.7167,113.8833,288.58,94,68,1.01,1653080015
3945985,Camaná,-16.6228,-72.7111,293.07,76,85,3.59,1653080015
1487784,Vargashi,55.3556,65.8467,281.44,66,100,1.8,1653080015
3397763,Jacareacanga,-6.2222,-57.7528,299.75,65,1,0.96,1653080032
779350,Karasjok,69.4719,25.5112,275.58,100,100,1.62,1653080076
364027,Wagar,16.1525,36.2032,305.75,19,50,3.58,1653080037
2311968,Nioki,-2.7167,17.6833,295.21,99,100,0.95,1653080076
2374583,Bubaque,11.2833,-15.8333,299.4,80,7,8.85,1653080076
2381334,Atar,20.5169,-13.0499,305.96,18,95,3.52,1653080077
8052190,Sindang,-7.0047,108.335,293.3,97,100,1.73,1653080077
5392171,San Jose,37.3394,-121.895,299.77,24,20,6.17,1653079764
1510690,Bay-Khaak,51.1667,94.5,283.57,80,88,2.06,1653080078
1626542,Sorong,-0.8833,131.25,298.44,87,78,2.97,1653080078
3866163,Alta Gracia,-31.6529,-64.4283,295.58,35,0,1.21,1653080078
2142316,Yeppoon,-23.1333,150.7333,290.03,91,100,9.55,1653080079
6137462,Saint-Augustin,51.226,-58.6502,287.16,48,39,5.86,1653080079
3191648,Zlobin,45.2924,14.6541,287.94,71,0,1.54,1653080080
1495626,Pangody,65.85,74.4859,277.96,74,100,2.76,1653080080
148442,Astara,38.5,48.6667,282.54,89,100,0.65,1653080081
2126682,Bilibino,68.0546,166.4372,276.22,84,20,1.14,1653080081
2020838,Lensk,60.7253,114.9278,278.22,95,34,1.1,1653080082
4273299,Hutchinson,38.0608,-97.9298,295.23,38,0,5.66,1653079374
477940,Ust-Tsilma,65.441,52.1498,272.24,83,100,3.76,1653080082
3453457,Pitangui,-19.6828,-44.8903,287.25,54,0,0.94,1653080082
108410,Riyadh,24.6877,46.7219,306.23,11,0,1.51,1653079824
1246294,Galle,6.0367,80.217,299.16,88,26,4.31,1653080083
2686162,Oskarshamn,57.2645,16.4484,282.03,98,100,3.41,1653080083
5225507,Warwick,41.7001,-71.4162,297.25,71,75,5.14,1653080084
1855540,Naze,28.3667,129.4833,295.66,93,100,8.12,1653080084
70979,Sayyan,15.1718,44.3244,291.0,21,5,1.59,1653080085
5879400,Anchorage,61.2181,-149.9003,292.56,36,20,3.09,1653080017
4787534,Sterling,39.0062,-77.4286,306.51,64,0,3.6,1653080085
777019,Vardø,70.3705,31.1107,276.14,75,75,10.29,1653080086
2140558,Koumac,-20.5667,164.2833,298.28,82,4,4.22,1653080086
2027042,Batagay-Alyta,67.8006,130.4114,271.64,89,95,1.28,1653080087
1696105,Palimbang,6.2106,124.1894,298.52,88,100,2.28,1653080087
286245,Sur,22.5667,59.5289,305.44,44,4,6.73,1653080088
704885,Korostyshiv,50.3172,29.0563,288.21,91,60,4.82,1653080088
2643044,Margate,51.3813,1.3862,285.54,85,30,3.13,1653080062
2963295,Killybegs,54.6333,-8.45,284.99,86,17,8.3,1653080088
1508427,Charyshskoye,51.3978,83.5598,285.09,68,12,2.68,1653080089
4231997,Avera,33.194,-82.5271,307.34,27,100,5.15,1653080089
3471309,Auriflama,-20.6856,-50.5547,288.6,44,0,1.49,1653079867
721208,Egyek,47.6333,20.9,290.4,76,72,3.25,1653080090
296173,Yüksekova,37.5736,44.2872,279.97,73,3,1.69,1653080090
149812,Sokoni,-6.4333,39.55,299.52,77,100,5.3,1653080091
3661980,Tarauacá,-8.1614,-70.7656,301.66,58,75,0.84,1653080091
3401963,Colinas,-6.0258,-44.2492,294.48,94,100,0.39,1653080091
4007676,Pueblo Nuevo,23.3833,-105.3833,297.73,21,0,4.32,1653080092
3622193,Quepos,9.4236,-84.1652,300.36,77,63,2.89,1653079830
3380290,Sinnamary,5.3833,-52.95,298.51,89,86,4.75,1653080092
3573374,The Valley,18.217,-63.0578,303.07,70,40,6.17,1653080092
3870243,Taltal,-25.4,-70.4833,291.83,64,100,0.95,1653080093
779554,Honningsvåg,70.9821,25.9704,278.01,65,0,5.14,1653080093
2033536,Yakeshi,49.2833,120.7333,283.72,44,55,1.34,1653080094
2033128,Zhenlai,45.8495,123.2973,289.43,38,3,3.0,1653080094
3414079,Olafsvik,64.8945,-23.7142,282.25,82,83,2.9,1653080094
2127282,Aleksandrovsk-Sakhalinskiy,50.8975,142.1561,277.91,98,100,1.6,1653080095
6050066,La Ronge,55.1001,-105.2842,282.29,27,75,8.23,1653080095
2122783,Katangli,51.7102,143.2326,274.87,89,100,4.79,1653080095
3728097,Les Cayes,18.2,-73.75,301.63,73,48,4.41,1653080096
2967856,Vitry-le-François,48.7333,4.5833,289.38,84,23,2.39,1653080096
5807212,Port Angeles,48.1181,-123.4307,289.12,73,0,4.02,1653080094
5749352,Roseburg,43.2165,-123.3417,292.32,48,40,6.17,1653079976
376332,Doka,13.5167,35.7667,305.6,33,55,6.3,1653080157
4333811,Morgan City,29.6994,-91.2068,304.27,74,20,5.14,1653080157
3668605,Santa Marta,11.2408,-74.199,304.76,63,75,2.06,1653079913
2158562,Maryborough,-25.5333,152.7,291.54,95,100,3.52,1653080157
1684803,Tabuk,17.4189,121.4443,296.15,90,99,1.13,1653080158
53654,Mogadishu,2.0371,45.3438,299.67,80,39,7.4,1653080158
3598787,Champerico,14.3,-91.9167,305.45,65,100,3.54,1653080159
103630,Najrān,17.4924,44.1277,299.51,13,4,1.15,1653080159
2236568,Uíge,-7.6087,15.0613,292.67,89,18,0.54,1653080052
4992232,Escanaba,45.7453,-87.0646,289.13,89,100,2.57,1653080146
2250645,Kédougou,12.5579,-12.1743,307.96,21,33,1.88,1653080160
80509,Al Bardīyah,31.7561,25.0865,290.72,61,0,2.61,1653080160
2525392,Capaci,38.1711,13.2393,293.22,69,0,4.12,1653080161
974933,Mogwase,-25.185,27.2665,286.71,87,100,3.68,1653080161
4535783,El Reno,35.5323,-97.955,301.71,42,0,5.14,1653080161
2168305,Dubbo,-32.25,148.6167,283.22,87,81,4.63,1653080134
1283334,Birin,26.8865,88.0718,287.94,86,88,2.08,1653080162
3689709,Arbeláez,4.2725,-74.4151,294.92,81,97,0.86,1653080162
1524325,Ekibastuz,51.6667,75.3667,290.32,44,39,4.55,1653080163
2132606,Samarai,-10.6167,150.6667,300.9,75,37,3.69,1653080163
3670719,Riosucio,5.4216,-75.7032,291.57,95,87,0.83,1653080163
1842966,Gijang,35.2442,129.2139,289.0,77,6,1.53,1653080109
1816440,Bengbu,32.9408,117.3608,290.18,67,50,2.33,1653079887
1794209,Simao,22.7886,100.9748,290.65,98,100,0.98,1653080164
3663503,Manicoré,-5.8092,-61.3003,302.12,51,0,2.06,1653080164
1495144,Petrokamenskoye,57.716,60.6484,275.99,77,99,1.6,1653080165
3095795,Kołobrzeg,54.1757,15.5834,285.02,91,100,2.79,1653080165
1264010,Mālūr,13.0075,77.9378,295.97,89,100,6.38,1653080166
4018582,Ameca,20.55,-104.0333,308.34,9,0,3.58,1653079922
1168700,Ormara,25.2088,64.6357,300.66,93,4,6.88,1653080060
2123100,Myaundzha,63.0494,147.1858,271.59,93,99,1.22,1653080166
3587498,Acajutla,13.5928,-89.8275,302.16,66,81,2.93,1653080167
792680,Belgrade,44.804,20.4651,292.42,45,0,2.06,1653080102
2269142,Colares,38.7992,-9.4469,299.97,54,0,6.17,1653079913
797213,Pervomayskoye,43.919,46.7102,285.46,75,89,7.77,1653080167
3386177,Trairi,-3.2778,-39.2689,298.58,87,96,2.32,1653080009
3687972,Calamar,10.2511,-74.9146,302.61,72,100,3.77,1653080168
5134295,Rome,43.2128,-75.4557,300.58,52,98,3.13,1653080168
